0,T_int,24.66,T_ext_1,29.04,T_ext_2,28.75,Film_Coefficient,0.036,Density,2.70E-09,Specific_Heat,8.96E+08,Thermal_Conductivity,167,Radius,25
10,T_int,24.23,T_ext_1,31.37,T_ext_2,30.21,Film_Coefficient,0.036,Density,2.70E-09,Specific_Heat,8.96E+08,Thermal_Conductivity,167,Radius,25
20,T_int,24.81,T_ext_1,37.13,T_ext_2,36.24,Film_Coefficient,0.036,Density,2.70E-09,Specific_Heat,8.96E+08,Thermal_Conductivity,167,Radius,25
30,T_int,24.96,T_ext_1,43.08,T_ext_2,41.69,Film_Coefficient,0.036,Density,2.70E-09,Specific_Heat,8.96E+08,Thermal_Conductivity,167,Radius,25
40,T_int,25.25,T_ext_1,48.8,T_ext_2,47.5,Film_Coefficient,0.036,Density,2.70E-09,Specific_Heat,8.96E+08,Thermal_Conductivity,167,Radius,25
50,T_int,25.54,T_ext_1,55.16,T_ext_2,53.45,Film_Coefficient,0.036,Density,2.70E-09,Specific_Heat,8.96E+08,Thermal_Conductivity,167,Radius,25
60,T_int,25.69,T_ext_1,61.25,T_ext_2,59.05,Film_Coefficient,0.036,Density,2.70E-09,Specific_Heat,8.96E+08,Thermal_Conductivity,167,Radius,25
70,T_int,26.13,T_ext_1,66.02,T_ext_2,63.69,Film_Coefficient,0.036,Density,2.70E-09,Specific_Heat,8.96E+08,Thermal_Conductivity,167,Radius,25
80,T_int,26.57,T_ext_1,69.44,T_ext_2,66.41,Film_Coefficient,0.036,Density,2.70E-09,Specific_Heat,8.96E+08,Thermal_Conductivity,167,Radius,25
90,T_int,27.01,T_ext_1,70.9,T_ext_2,68.21,Film_Coefficient,0.036,Density,2.70E-09,Specific_Heat,8.96E+08,Thermal_Conductivity,167,Radius,25
100,T_int,27.01,T_ext_1,70.9,T_ext_2,68.01,Film_Coefficient,0.036,Density,2.70E-09,Specific_Heat,8.96E+08,Thermal_Conductivity,167,Radius,25
110,T_int,27.16,T_ext_1,70.48,T_ext_2,67.81,Film_Coefficient,0.036,Density,2.70E-09,Specific_Heat,8.96E+08,Thermal_Conductivity,167,Radius,25
120,T_int,27.46,T_ext_1,70.06,T_ext_2,67.21,Film_Coefficient,0.036,Density,2.70E-09,Specific_Heat,8.96E+08,Thermal_Conductivity,167,Radius,25
130,T_int,27.75,T_ext_1,68.82,T_ext_2,66.21,Film_Coefficient,0.036,Density,2.70E-09,Specific_Heat,8.96E+08,Thermal_Conductivity,167,Radius,25
140,T_int,27.6,T_ext_1,68.21,T_ext_2,65.43,Film_Coefficient,0.036,Density,2.70E-09,Specific_Heat,8.96E+08,Thermal_Conductivity,167,Radius,25
150,T_int,27.75,T_ext_1,67.41,T_ext_2,64.46,Film_Coefficient,0.036,Density,2.70E-09,Specific_Heat,8.96E+08,Thermal_Conductivity,167,Radius,25
160,T_int,27.9,T_ext_1,66.61,T_ext_2,63.88,Film_Coefficient,0.036,Density,2.70E-09,Specific_Heat,8.96E+08,Thermal_Conductivity,167,Radius,25
170,T_int,28.49,T_ext_1,66.41,T_ext_2,64.07,Film_Coefficient,0.036,Density,2.70E-09,Specific_Heat,8.96E+08,Thermal_Conductivity,167,Radius,25
180,T_int,28.49,T_ext_1,65.82,T_ext_2,63.31,Film_Coefficient,0.036,Density,2.70E-09,Specific_Heat,8.96E+08,Thermal_Conductivity,167,Radius,25
190,T_int,28.49,T_ext_1,65.43,T_ext_2,62.93,Film_Coefficient,0.036,Density,2.70E-09,Specific_Heat,8.96E+08,Thermal_Conductivity,167,Radius,25
200,T_int,28.34,T_ext_1,65.04,T_ext_2,62.36,Film_Coefficient,0.036,Density,2.70E-09,Specific_Heat,8.96E+08,Thermal_Conductivity,167,Radius,25
210,T_int,28.64,T_ext_1,65.04,T_ext_2,62.36,Film_Coefficient,0.036,Density,2.70E-09,Specific_Heat,8.96E+08,Thermal_Conductivity,167,Radius,25
220,T_int,28.64,T_ext_1,64.84,T_ext_2,62.18,Film_Coefficient,0.036,Density,2.70E-09,Specific_Heat,8.96E+08,Thermal_Conductivity,167,Radius,25
230,T_int,28.49,T_ext_1,64.65,T_ext_2,61.99,Film_Coefficient,0.036,Density,2.70E-09,Specific_Heat,8.96E+08,Thermal_Conductivity,167,Radius,25
240,T_int,29.24,T_ext_1,64.46,T_ext_2,62.36,Film_Coefficient,0.036,Density,2.70E-09,Specific_Heat,8.96E+08,Thermal_Conductivity,167,Radius,25
250,T_int,29.24,T_ext_1,64.46,T_ext_2,62.18,Film_Coefficient,0.036,Density,2.70E-09,Specific_Heat,8.96E+08,Thermal_Conductivity,167,Radius,25
260,T_int,29.39,T_ext_1,64.27,T_ext_2,61.99,Film_Coefficient,0.036,Density,2.70E-09,Specific_Heat,8.96E+08,Thermal_Conductivity,167,Radius,25
270,T_int,29.68,T_ext_1,64.27,T_ext_2,61.99,Film_Coefficient,0.036,Density,2.70E-09,Specific_Heat,8.96E+08,Thermal_Conductivity,167,Radius,25
280,T_int,29.68,T_ext_1,64.07,T_ext_2,61.8,Film_Coefficient,0.036,Density,2.70E-09,Specific_Heat,8.96E+08,Thermal_Conductivity,167,Radius,25
290,T_int,29.68,T_ext_1,63.88,T_ext_2,61.99,Film_Coefficient,0.036,Density,2.70E-09,Specific_Heat,8.96E+08,Thermal_Conductivity,167,Radius,25
300,T_int,29.98,T_ext_1,64.27,T_ext_2,61.99,Film_Coefficient,0.036,Density,2.70E-09,Specific_Heat,8.96E+08,Thermal_Conductivity,167,Radius,25
310,T_int,30.13,T_ext_1,64.27,T_ext_2,61.99,Film_Coefficient,0.036,Density,2.70E-09,Specific_Heat,8.96E+08,Thermal_Conductivity,167,Radius,25
320,T_int,30.13,T_ext_1,63.69,T_ext_2,61.62,Film_Coefficient,0.036,Density,2.70E-09,Specific_Heat,8.96E+08,Thermal_Conductivity,167,Radius,25
330,T_int,30.13,T_ext_1,63.88,T_ext_2,61.62,Film_Coefficient,0.036,Density,2.70E-09,Specific_Heat,8.96E+08,Thermal_Conductivity,167,Radius,25
340,T_int,30.43,T_ext_1,63.69,T_ext_2,61.43,Film_Coefficient,0.036,Density,2.70E-09,Specific_Heat,8.96E+08,Thermal_Conductivity,167,Radius,25
350,T_int,30.43,T_ext_1,63.88,T_ext_2,61.43,Film_Coefficient,0.036,Density,2.70E-09,Specific_Heat,8.96E+08,Thermal_Conductivity,167,Radius,25
360,T_int,30.43,T_ext_1,63.88,T_ext_2,61.62,Film_Coefficient,0.036,Density,2.70E-09,Specific_Heat,8.96E+08,Thermal_Conductivity,167,Radius,25
370,T_int,30.73,T_ext_1,63.88,T_ext_2,61.62,Film_Coefficient,0.036,Density,2.70E-09,Specific_Heat,8.96E+08,Thermal_Conductivity,167,Radius,25
380,T_int,30.73,T_ext_1,64.07,T_ext_2,61.62,Film_Coefficient,0.036,Density,2.70E-09,Specific_Heat,8.96E+08,Thermal_Conductivity,167,Radius,25
390,T_int,31.03,T_ext_1,63.69,T_ext_2,61.43,Film_Coefficient,0.036,Density,2.70E-09,Specific_Heat,8.96E+08,Thermal_Conductivity,167,Radius,25
401,T_int,31.49,T_ext_1,63.88,T_ext_2,61.8,Film_Coefficient,0.036,Density,2.70E-09,Specific_Heat,8.96E+08,Thermal_Conductivity,167,Radius,25
411,T_int,31.03,T_ext_1,64.07,T_ext_2,61.62,Film_Coefficient,0.036,Density,2.70E-09,Specific_Heat,8.96E+08,Thermal_Conductivity,167,Radius,25
421,T_int,31.18,T_ext_1,64.07,T_ext_2,61.8,Film_Coefficient,0.036,Density,2.70E-09,Specific_Heat,8.96E+08,Thermal_Conductivity,167,Radius,25
431,T_int,31.64,T_ext_1,63.69,T_ext_2,61.62,Film_Coefficient,0.036,Density,2.70E-09,Specific_Heat,8.96E+08,Thermal_Conductivity,167,Radius,25
441,T_int,31.79,T_ext_1,63.69,T_ext_2,61.62,Film_Coefficient,0.036,Density,2.70E-09,Specific_Heat,8.96E+08,Thermal_Conductivity,167,Radius,25
451,T_int,31.64,T_ext_1,63.69,T_ext_2,61.25,Film_Coefficient,0.036,Density,2.70E-09,Specific_Heat,8.96E+08,Thermal_Conductivity,167,Radius,25
461,T_int,32.24,T_ext_1,63.5,T_ext_2,61.43,Film_Coefficient,0.036,Density,2.70E-09,Specific_Heat,8.96E+08,Thermal_Conductivity,167,Radius,25
471,T_int,32.09,T_ext_1,63.12,T_ext_2,61.25,Film_Coefficient,0.036,Density,2.70E-09,Specific_Heat,8.96E+08,Thermal_Conductivity,167,Radius,25
481,T_int,32.09,T_ext_1,63.12,T_ext_2,61.06,Film_Coefficient,0.036,Density,2.70E-09,Specific_Heat,8.96E+08,Thermal_Conductivity,167,Radius,25
491,T_int,31.94,T_ext_1,62.93,T_ext_2,60.69,Film_Coefficient,0.036,Density,2.70E-09,Specific_Heat,8.96E+08,Thermal_Conductivity,167,Radius,25
501,T_int,32.09,T_ext_1,62.93,T_ext_2,60.88,Film_Coefficient,0.036,Density,2.70E-09,Specific_Heat,8.96E+08,Thermal_Conductivity,167,Radius,25
511,T_int,32.39,T_ext_1,63.12,T_ext_2,61.06,Film_Coefficient,0.036,Density,2.70E-09,Specific_Heat,8.96E+08,Thermal_Conductivity,167,Radius,25
521,T_int,32.55,T_ext_1,63.12,T_ext_2,60.88,Film_Coefficient,0.036,Density,2.70E-09,Specific_Heat,8.96E+08,Thermal_Conductivity,167,Radius,25
531,T_int,32.7,T_ext_1,63.12,T_ext_2,61.06,Film_Coefficient,0.036,Density,2.70E-09,Specific_Heat,8.96E+08,Thermal_Conductivity,167,Radius,25
541,T_int,33,T_ext_1,63.12,T_ext_2,61.25,Film_Coefficient,0.036,Density,2.70E-09,Specific_Heat,8.96E+08,Thermal_Conductivity,167,Radius,25
551,T_int,32.85,T_ext_1,63.12,T_ext_2,61.06,Film_Coefficient,0.036,Density,2.70E-09,Specific_Heat,8.96E+08,Thermal_Conductivity,167,Radius,25
561,T_int,32.85,T_ext_1,63.88,T_ext_2,61.8,Film_Coefficient,0.036,Density,2.70E-09,Specific_Heat,8.96E+08,Thermal_Conductivity,167,Radius,25
571,T_int,33,T_ext_1,63.31,T_ext_2,61.25,Film_Coefficient,0.036,Density,2.70E-09,Specific_Heat,8.96E+08,Thermal_Conductivity,167,Radius,25
581,T_int,33.31,T_ext_1,63.31,T_ext_2,61.43,Film_Coefficient,0.036,Density,2.70E-09,Specific_Heat,8.96E+08,Thermal_Conductivity,167,Radius,25
591,T_int,33.15,T_ext_1,63.31,T_ext_2,60.69,Film_Coefficient,0.036,Density,2.70E-09,Specific_Heat,8.96E+08,Thermal_Conductivity,167,Radius,25
601,T_int,33.31,T_ext_1,62.74,T_ext_2,60.69,Film_Coefficient,0.036,Density,2.70E-09,Specific_Heat,8.96E+08,Thermal_Conductivity,167,Radius,25
611,T_int,33.15,T_ext_1,62.36,T_ext_2,60.32,Film_Coefficient,0.036,Density,2.70E-09,Specific_Heat,8.96E+08,Thermal_Conductivity,167,Radius,25
621,T_int,33.61,T_ext_1,62.74,T_ext_2,60.51,Film_Coefficient,0.036,Density,2.70E-09,Specific_Heat,8.96E+08,Thermal_Conductivity,167,Radius,25
631,T_int,33.92,T_ext_1,62.55,T_ext_2,60.69,Film_Coefficient,0.036,Density,2.70E-09,Specific_Heat,8.96E+08,Thermal_Conductivity,167,Radius,25
641,T_int,34.07,T_ext_1,62.74,T_ext_2,60.69,Film_Coefficient,0.036,Density,2.70E-09,Specific_Heat,8.96E+08,Thermal_Conductivity,167,Radius,25
651,T_int,33.92,T_ext_1,62.55,T_ext_2,60.69,Film_Coefficient,0.036,Density,2.70E-09,Specific_Heat,8.96E+08,Thermal_Conductivity,167,Radius,25
661,T_int,34.07,T_ext_1,62.74,T_ext_2,60.69,Film_Coefficient,0.036,Density,2.70E-09,Specific_Heat,8.96E+08,Thermal_Conductivity,167,Radius,25
671,T_int,34.07,T_ext_1,62.55,T_ext_2,60.51,Film_Coefficient,0.036,Density,2.70E-09,Specific_Heat,8.96E+08,Thermal_Conductivity,167,Radius,25
681,T_int,34.38,T_ext_1,62.36,T_ext_2,60.32,Film_Coefficient,0.036,Density,2.70E-09,Specific_Heat,8.96E+08,Thermal_Conductivity,167,Radius,25
691,T_int,34.53,T_ext_1,62.18,T_ext_2,60.14,Film_Coefficient,0.036,Density,2.70E-09,Specific_Heat,8.96E+08,Thermal_Conductivity,167,Radius,25
701,T_int,34.38,T_ext_1,62.18,T_ext_2,59.96,Film_Coefficient,0.036,Density,2.70E-09,Specific_Heat,8.96E+08,Thermal_Conductivity,167,Radius,25
711,T_int,34.53,T_ext_1,62.18,T_ext_2,60.14,Film_Coefficient,0.036,Density,2.70E-09,Specific_Heat,8.96E+08,Thermal_Conductivity,167,Radius,25
721,T_int,34.69,T_ext_1,62.18,T_ext_2,60.14,Film_Coefficient,0.036,Density,2.70E-09,Specific_Heat,8.96E+08,Thermal_Conductivity,167,Radius,25
731,T_int,34.53,T_ext_1,62.36,T_ext_2,60.32,Film_Coefficient,0.036,Density,2.70E-09,Specific_Heat,8.96E+08,Thermal_Conductivity,167,Radius,25
741,T_int,34.99,T_ext_1,62.18,T_ext_2,60.14,Film_Coefficient,0.036,Density,2.70E-09,Specific_Heat,8.96E+08,Thermal_Conductivity,167,Radius,25
751,T_int,34.99,T_ext_1,62.36,T_ext_2,60.14,Film_Coefficient,0.036,Density,2.70E-09,Specific_Heat,8.96E+08,Thermal_Conductivity,167,Radius,25
761,T_int,35.15,T_ext_1,62.36,T_ext_2,60.51,Film_Coefficient,0.036,Density,2.70E-09,Specific_Heat,8.96E+08,Thermal_Conductivity,167,Radius,25
771,T_int,35.3,T_ext_1,62.55,T_ext_2,60.69,Film_Coefficient,0.036,Density,2.70E-09,Specific_Heat,8.96E+08,Thermal_Conductivity,167,Radius,25
781,T_int,35.3,T_ext_1,62.55,T_ext_2,60.69,Film_Coefficient,0.036,Density,2.70E-09,Specific_Heat,8.96E+08,Thermal_Conductivity,167,Radius,25
791,T_int,35.3,T_ext_1,62.55,T_ext_2,60.32,Film_Coefficient,0.036,Density,2.70E-09,Specific_Heat,8.96E+08,Thermal_Conductivity,167,Radius,25
801,T_int,35.77,T_ext_1,62.55,T_ext_2,60.69,Film_Coefficient,0.036,Density,2.70E-09,Specific_Heat,8.96E+08,Thermal_Conductivity,167,Radius,25
811,T_int,35.61,T_ext_1,62.36,T_ext_2,60.32,Film_Coefficient,0.036,Density,2.70E-09,Specific_Heat,8.96E+08,Thermal_Conductivity,167,Radius,25
821,T_int,35.77,T_ext_1,62.36,T_ext_2,60.51,Film_Coefficient,0.036,Density,2.70E-09,Specific_Heat,8.96E+08,Thermal_Conductivity,167,Radius,25
831,T_int,35.77,T_ext_1,62.36,T_ext_2,60.51,Film_Coefficient,0.036,Density,2.70E-09,Specific_Heat,8.96E+08,Thermal_Conductivity,167,Radius,25
841,T_int,35.92,T_ext_1,62.18,T_ext_2,60.51,Film_Coefficient,0.036,Density,2.70E-09,Specific_Heat,8.96E+08,Thermal_Conductivity,167,Radius,25
851,T_int,36.23,T_ext_1,62.55,T_ext_2,60.51,Film_Coefficient,0.036,Density,2.70E-09,Specific_Heat,8.96E+08,Thermal_Conductivity,167,Radius,25
861,T_int,36.39,T_ext_1,62.55,T_ext_2,60.32,Film_Coefficient,0.036,Density,2.70E-09,Specific_Heat,8.96E+08,Thermal_Conductivity,167,Radius,25
871,T_int,36.39,T_ext_1,62.36,T_ext_2,60.88,Film_Coefficient,0.036,Density,2.70E-09,Specific_Heat,8.96E+08,Thermal_Conductivity,167,Radius,25
881,T_int,36.23,T_ext_1,62.36,T_ext_2,60.14,Film_Coefficient,0.036,Density,2.70E-09,Specific_Heat,8.96E+08,Thermal_Conductivity,167,Radius,25
891,T_int,36.39,T_ext_1,62.55,T_ext_2,60.32,Film_Coefficient,0.036,Density,2.70E-09,Specific_Heat,8.96E+08,Thermal_Conductivity,167,Radius,25
901,T_int,36.23,T_ext_1,62.36,T_ext_2,59.96,Film_Coefficient,0.036,Density,2.70E-09,Specific_Heat,8.96E+08,Thermal_Conductivity,167,Radius,25
911,T_int,36.55,T_ext_1,61.8,T_ext_2,59.96,Film_Coefficient,0.036,Density,2.70E-09,Specific_Heat,8.96E+08,Thermal_Conductivity,167,Radius,25
921,T_int,36.7,T_ext_1,61.99,T_ext_2,59.96,Film_Coefficient,0.036,Density,2.70E-09,Specific_Heat,8.96E+08,Thermal_Conductivity,167,Radius,25
931,T_int,36.86,T_ext_1,62.18,T_ext_2,60.32,Film_Coefficient,0.036,Density,2.70E-09,Specific_Heat,8.96E+08,Thermal_Conductivity,167,Radius,25
941,T_int,37.01,T_ext_1,61.8,T_ext_2,59.96,Film_Coefficient,0.036,Density,2.70E-09,Specific_Heat,8.96E+08,Thermal_Conductivity,167,Radius,25
951,T_int,37.33,T_ext_1,62.18,T_ext_2,60.14,Film_Coefficient,0.036,Density,2.70E-09,Specific_Heat,8.96E+08,Thermal_Conductivity,167,Radius,25
961,T_int,36.86,T_ext_1,62.18,T_ext_2,60.32,Film_Coefficient,0.036,Density,2.70E-09,Specific_Heat,8.96E+08,Thermal_Conductivity,167,Radius,25
971,T_int,37.01,T_ext_1,61.99,T_ext_2,59.78,Film_Coefficient,0.036,Density,2.70E-09,Specific_Heat,8.96E+08,Thermal_Conductivity,167,Radius,25
981,T_int,37.17,T_ext_1,62.18,T_ext_2,59.96,Film_Coefficient,0.036,Density,2.70E-09,Specific_Heat,8.96E+08,Thermal_Conductivity,167,Radius,25
992,T_int,37.48,T_ext_1,61.8,T_ext_2,59.96,Film_Coefficient,0.036,Density,2.70E-09,Specific_Heat,8.96E+08,Thermal_Conductivity,167,Radius,25
1002,T_int,37.48,T_ext_1,62.36,T_ext_2,59.78,Film_Coefficient,0.036,Density,2.70E-09,Specific_Heat,8.96E+08,Thermal_Conductivity,167,Radius,25
1012,T_int,37.96,T_ext_1,62.18,T_ext_2,60.14,Film_Coefficient,0.036,Density,2.70E-09,Specific_Heat,8.96E+08,Thermal_Conductivity,167,Radius,25
1022,T_int,37.48,T_ext_1,61.25,T_ext_2,59.59,Film_Coefficient,0.036,Density,2.70E-09,Specific_Heat,8.96E+08,Thermal_Conductivity,167,Radius,25
1032,T_int,37.64,T_ext_1,61.43,T_ext_2,59.59,Film_Coefficient,0.036,Density,2.70E-09,Specific_Heat,8.96E+08,Thermal_Conductivity,167,Radius,25
1042,T_int,37.96,T_ext_1,61.43,T_ext_2,59.59,Film_Coefficient,0.036,Density,2.70E-09,Specific_Heat,8.96E+08,Thermal_Conductivity,167,Radius,25
1052,T_int,38.11,T_ext_1,61.43,T_ext_2,59.41,Film_Coefficient,0.036,Density,2.70E-09,Specific_Heat,8.96E+08,Thermal_Conductivity,167,Radius,25
1062,T_int,37.96,T_ext_1,61.62,T_ext_2,59.23,Film_Coefficient,0.036,Density,2.70E-09,Specific_Heat,8.96E+08,Thermal_Conductivity,167,Radius,25
1072,T_int,38.27,T_ext_1,61.8,T_ext_2,59.78,Film_Coefficient,0.036,Density,2.70E-09,Specific_Heat,8.96E+08,Thermal_Conductivity,167,Radius,25
1082,T_int,38.11,T_ext_1,61.99,T_ext_2,59.96,Film_Coefficient,0.036,Density,2.70E-09,Specific_Heat,8.96E+08,Thermal_Conductivity,167,Radius,25
1092,T_int,38.43,T_ext_1,62.36,T_ext_2,59.96,Film_Coefficient,0.036,Density,2.70E-09,Specific_Heat,8.96E+08,Thermal_Conductivity,167,Radius,25
1102,T_int,38.43,T_ext_1,62.36,T_ext_2,59.96,Film_Coefficient,0.036,Density,2.70E-09,Specific_Heat,8.96E+08,Thermal_Conductivity,167,Radius,25
1112,T_int,38.43,T_ext_1,62.55,T_ext_2,60.14,Film_Coefficient,0.036,Density,2.70E-09,Specific_Heat,8.96E+08,Thermal_Conductivity,167,Radius,25
1122,T_int,38.75,T_ext_1,61.8,T_ext_2,59.78,Film_Coefficient,0.036,Density,2.70E-09,Specific_Heat,8.96E+08,Thermal_Conductivity,167,Radius,25
1132,T_int,38.75,T_ext_1,61.8,T_ext_2,59.59,Film_Coefficient,0.036,Density,2.70E-09,Specific_Heat,8.96E+08,Thermal_Conductivity,167,Radius,25
1142,T_int,38.59,T_ext_1,61.99,T_ext_2,59.59,Film_Coefficient,0.036,Density,2.70E-09,Specific_Heat,8.96E+08,Thermal_Conductivity,167,Radius,25
1152,T_int,38.59,T_ext_1,62.18,T_ext_2,60.14,Film_Coefficient,0.036,Density,2.70E-09,Specific_Heat,8.96E+08,Thermal_Conductivity,167,Radius,25
1162,T_int,38.91,T_ext_1,62.74,T_ext_2,60.69,Film_Coefficient,0.036,Density,2.70E-09,Specific_Heat,8.96E+08,Thermal_Conductivity,167,Radius,25
1172,T_int,39.06,T_ext_1,61.8,T_ext_2,60.14,Film_Coefficient,0.036,Density,2.70E-09,Specific_Heat,8.96E+08,Thermal_Conductivity,167,Radius,25
1182,T_int,39.06,T_ext_1,61.99,T_ext_2,60.14,Film_Coefficient,0.036,Density,2.70E-09,Specific_Heat,8.96E+08,Thermal_Conductivity,167,Radius,25
1192,T_int,39.38,T_ext_1,62.36,T_ext_2,60.32,Film_Coefficient,0.036,Density,2.70E-09,Specific_Heat,8.96E+08,Thermal_Conductivity,167,Radius,25
1202,T_int,39.22,T_ext_1,61.8,T_ext_2,60.32,Film_Coefficient,0.036,Density,2.70E-09,Specific_Heat,8.96E+08,Thermal_Conductivity,167,Radius,25
1212,T_int,39.38,T_ext_1,62.18,T_ext_2,60.14,Film_Coefficient,0.036,Density,2.70E-09,Specific_Heat,8.96E+08,Thermal_Conductivity,167,Radius,25
1222,T_int,39.54,T_ext_1,62.36,T_ext_2,60.32,Film_Coefficient,0.036,Density,2.70E-09,Specific_Heat,8.96E+08,Thermal_Conductivity,167,Radius,25
1232,T_int,39.7,T_ext_1,61.8,T_ext_2,59.96,Film_Coefficient,0.036,Density,2.70E-09,Specific_Heat,8.96E+08,Thermal_Conductivity,167,Radius,25
1242,T_int,39.54,T_ext_1,61.43,T_ext_2,59.59,Film_Coefficient,0.036,Density,2.70E-09,Specific_Heat,8.96E+08,Thermal_Conductivity,167,Radius,25
1252,T_int,39.7,T_ext_1,61.43,T_ext_2,59.59,Film_Coefficient,0.036,Density,2.70E-09,Specific_Heat,8.96E+08,Thermal_Conductivity,167,Radius,25
1262,T_int,39.54,T_ext_1,61.06,T_ext_2,59.23,Film_Coefficient,0.036,Density,2.70E-09,Specific_Heat,8.96E+08,Thermal_Conductivity,167,Radius,25
1272,T_int,39.86,T_ext_1,61.8,T_ext_2,60.14,Film_Coefficient,0.036,Density,2.70E-09,Specific_Heat,8.96E+08,Thermal_Conductivity,167,Radius,25
1282,T_int,40.02,T_ext_1,61.99,T_ext_2,60.14,Film_Coefficient,0.036,Density,2.70E-09,Specific_Heat,8.96E+08,Thermal_Conductivity,167,Radius,25
1292,T_int,40.02,T_ext_1,61.99,T_ext_2,59.96,Film_Coefficient,0.036,Density,2.70E-09,Specific_Heat,8.96E+08,Thermal_Conductivity,167,Radius,25
1302,T_int,40.18,T_ext_1,61.8,T_ext_2,60.14,Film_Coefficient,0.036,Density,2.70E-09,Specific_Heat,8.96E+08,Thermal_Conductivity,167,Radius,25
1312,T_int,40.18,T_ext_1,61.99,T_ext_2,59.96,Film_Coefficient,0.036,Density,2.70E-09,Specific_Heat,8.96E+08,Thermal_Conductivity,167,Radius,25
1322,T_int,40.18,T_ext_1,61.8,T_ext_2,59.96,Film_Coefficient,0.036,Density,2.70E-09,Specific_Heat,8.96E+08,Thermal_Conductivity,167,Radius,25
1332,T_int,40.18,T_ext_1,61.25,T_ext_2,60.14,Film_Coefficient,0.036,Density,2.70E-09,Specific_Heat,8.96E+08,Thermal_Conductivity,167,Radius,25
1342,T_int,40.34,T_ext_1,61.43,T_ext_2,59.96,Film_Coefficient,0.036,Density,2.70E-09,Specific_Heat,8.96E+08,Thermal_Conductivity,167,Radius,25
1352,T_int,40.66,T_ext_1,61.99,T_ext_2,60.14,Film_Coefficient,0.036,Density,2.70E-09,Specific_Heat,8.96E+08,Thermal_Conductivity,167,Radius,25
1362,T_int,40.66,T_ext_1,61.99,T_ext_2,60.32,Film_Coefficient,0.036,Density,2.70E-09,Specific_Heat,8.96E+08,Thermal_Conductivity,167,Radius,25
1372,T_int,40.99,T_ext_1,61.8,T_ext_2,60.32,Film_Coefficient,0.036,Density,2.70E-09,Specific_Heat,8.96E+08,Thermal_Conductivity,167,Radius,25
1382,T_int,40.66,T_ext_1,61.43,T_ext_2,59.96,Film_Coefficient,0.036,Density,2.70E-09,Specific_Heat,8.96E+08,Thermal_Conductivity,167,Radius,25
1392,T_int,40.83,T_ext_1,61.62,T_ext_2,59.96,Film_Coefficient,0.036,Density,2.70E-09,Specific_Heat,8.96E+08,Thermal_Conductivity,167,Radius,25
1402,T_int,40.83,T_ext_1,61.8,T_ext_2,60.14,Film_Coefficient,0.036,Density,2.70E-09,Specific_Heat,8.96E+08,Thermal_Conductivity,167,Radius,25
1412,T_int,41.31,T_ext_1,61.99,T_ext_2,60.32,Film_Coefficient,0.036,Density,2.70E-09,Specific_Heat,8.96E+08,Thermal_Conductivity,167,Radius,25
1422,T_int,41.31,T_ext_1,61.99,T_ext_2,60.32,Film_Coefficient,0.036,Density,2.70E-09,Specific_Heat,8.96E+08,Thermal_Conductivity,167,Radius,25
1432,T_int,41.15,T_ext_1,62.18,T_ext_2,60.51,Film_Coefficient,0.036,Density,2.70E-09,Specific_Heat,8.96E+08,Thermal_Conductivity,167,Radius,25
1442,T_int,41.15,T_ext_1,61.62,T_ext_2,60.51,Film_Coefficient,0.036,Density,2.70E-09,Specific_Heat,8.96E+08,Thermal_Conductivity,167,Radius,25
1452,T_int,41.31,T_ext_1,61.25,T_ext_2,60.14,Film_Coefficient,0.036,Density,2.70E-09,Specific_Heat,8.96E+08,Thermal_Conductivity,167,Radius,25
1462,T_int,41.31,T_ext_1,61.06,T_ext_2,59.96,Film_Coefficient,0.036,Density,2.70E-09,Specific_Heat,8.96E+08,Thermal_Conductivity,167,Radius,25
1472,T_int,41.47,T_ext_1,61.43,T_ext_2,60.51,Film_Coefficient,0.036,Density,2.70E-09,Specific_Heat,8.96E+08,Thermal_Conductivity,167,Radius,25
1482,T_int,41.8,T_ext_1,61.8,T_ext_2,60.32,Film_Coefficient,0.036,Density,2.70E-09,Specific_Heat,8.96E+08,Thermal_Conductivity,167,Radius,25
1492,T_int,41.8,T_ext_1,61.62,T_ext_2,60.14,Film_Coefficient,0.036,Density,2.70E-09,Specific_Heat,8.96E+08,Thermal_Conductivity,167,Radius,25
1502,T_int,41.63,T_ext_1,61.43,T_ext_2,60.14,Film_Coefficient,0.036,Density,2.70E-09,Specific_Heat,8.96E+08,Thermal_Conductivity,167,Radius,25
1512,T_int,41.96,T_ext_1,61.06,T_ext_2,59.78,Film_Coefficient,0.036,Density,2.70E-09,Specific_Heat,8.96E+08,Thermal_Conductivity,167,Radius,25
1522,T_int,42.29,T_ext_1,61.25,T_ext_2,60.32,Film_Coefficient,0.036,Density,2.70E-09,Specific_Heat,8.96E+08,Thermal_Conductivity,167,Radius,25
1532,T_int,42.29,T_ext_1,61.62,T_ext_2,60.32,Film_Coefficient,0.036,Density,2.70E-09,Specific_Heat,8.96E+08,Thermal_Conductivity,167,Radius,25
1542,T_int,42.12,T_ext_1,61.62,T_ext_2,59.78,Film_Coefficient,0.036,Density,2.70E-09,Specific_Heat,8.96E+08,Thermal_Conductivity,167,Radius,25
1552,T_int,42.29,T_ext_1,61.25,T_ext_2,60.14,Film_Coefficient,0.036,Density,2.70E-09,Specific_Heat,8.96E+08,Thermal_Conductivity,167,Radius,25
1562,T_int,42.29,T_ext_1,61.62,T_ext_2,60.14,Film_Coefficient,0.036,Density,2.70E-09,Specific_Heat,8.96E+08,Thermal_Conductivity,167,Radius,25
1572,T_int,42.61,T_ext_1,62.55,T_ext_2,61.25,Film_Coefficient,0.036,Density,2.70E-09,Specific_Heat,8.96E+08,Thermal_Conductivity,167,Radius,25
1583,T_int,42.12,T_ext_1,62.36,T_ext_2,60.88,Film_Coefficient,0.036,Density,2.70E-09,Specific_Heat,8.96E+08,Thermal_Conductivity,167,Radius,25
1593,T_int,42.61,T_ext_1,61.43,T_ext_2,59.96,Film_Coefficient,0.036,Density,2.70E-09,Specific_Heat,8.96E+08,Thermal_Conductivity,167,Radius,25
1603,T_int,42.78,T_ext_1,61.06,T_ext_2,60.32,Film_Coefficient,0.036,Density,2.70E-09,Specific_Heat,8.96E+08,Thermal_Conductivity,167,Radius,25
1613,T_int,42.78,T_ext_1,60.51,T_ext_2,59.41,Film_Coefficient,0.036,Density,2.70E-09,Specific_Heat,8.96E+08,Thermal_Conductivity,167,Radius,25
1623,T_int,42.78,T_ext_1,61.43,T_ext_2,60.14,Film_Coefficient,0.036,Density,2.70E-09,Specific_Heat,8.96E+08,Thermal_Conductivity,167,Radius,25
1633,T_int,42.29,T_ext_1,61.43,T_ext_2,59.96,Film_Coefficient,0.036,Density,2.70E-09,Specific_Heat,8.96E+08,Thermal_Conductivity,167,Radius,25
1643,T_int,42.94,T_ext_1,61.06,T_ext_2,59.78,Film_Coefficient,0.036,Density,2.70E-09,Specific_Heat,8.96E+08,Thermal_Conductivity,167,Radius,25
1653,T_int,42.61,T_ext_1,60.69,T_ext_2,59.96,Film_Coefficient,0.036,Density,2.70E-09,Specific_Heat,8.96E+08,Thermal_Conductivity,167,Radius,25
1663,T_int,43.11,T_ext_1,61.25,T_ext_2,59.96,Film_Coefficient,0.036,Density,2.70E-09,Specific_Heat,8.96E+08,Thermal_Conductivity,167,Radius,25
1673,T_int,43.27,T_ext_1,61.25,T_ext_2,59.96,Film_Coefficient,0.036,Density,2.70E-09,Specific_Heat,8.96E+08,Thermal_Conductivity,167,Radius,25
1683,T_int,43.27,T_ext_1,61.06,T_ext_2,59.78,Film_Coefficient,0.036,Density,2.70E-09,Specific_Heat,8.96E+08,Thermal_Conductivity,167,Radius,25
1693,T_int,43.11,T_ext_1,61.06,T_ext_2,59.59,Film_Coefficient,0.036,Density,2.70E-09,Specific_Heat,8.96E+08,Thermal_Conductivity,167,Radius,25
1703,T_int,43.11,T_ext_1,61.25,T_ext_2,59.96,Film_Coefficient,0.036,Density,2.70E-09,Specific_Heat,8.96E+08,Thermal_Conductivity,167,Radius,25
1713,T_int,43.44,T_ext_1,61.25,T_ext_2,59.96,Film_Coefficient,0.036,Density,2.70E-09,Specific_Heat,8.96E+08,Thermal_Conductivity,167,Radius,25
1723,T_int,43.6,T_ext_1,61.06,T_ext_2,59.96,Film_Coefficient,0.036,Density,2.70E-09,Specific_Heat,8.96E+08,Thermal_Conductivity,167,Radius,25
1733,T_int,43.6,T_ext_1,61.43,T_ext_2,60.32,Film_Coefficient,0.036,Density,2.70E-09,Specific_Heat,8.96E+08,Thermal_Conductivity,167,Radius,25
1743,T_int,43.77,T_ext_1,61.62,T_ext_2,60.32,Film_Coefficient,0.036,Density,2.70E-09,Specific_Heat,8.96E+08,Thermal_Conductivity,167,Radius,25
1753,T_int,43.77,T_ext_1,61.62,T_ext_2,60.51,Film_Coefficient,0.036,Density,2.70E-09,Specific_Heat,8.96E+08,Thermal_Conductivity,167,Radius,25
1763,T_int,43.77,T_ext_1,61.62,T_ext_2,60.32,Film_Coefficient,0.036,Density,2.70E-09,Specific_Heat,8.96E+08,Thermal_Conductivity,167,Radius,25
1773,T_int,43.93,T_ext_1,61.62,T_ext_2,60.14,Film_Coefficient,0.036,Density,2.70E-09,Specific_Heat,8.96E+08,Thermal_Conductivity,167,Radius,25
1783,T_int,44.26,T_ext_1,61.43,T_ext_2,60.14,Film_Coefficient,0.036,Density,2.70E-09,Specific_Heat,8.96E+08,Thermal_Conductivity,167,Radius,25
1793,T_int,44.26,T_ext_1,61.62,T_ext_2,60.14,Film_Coefficient,0.036,Density,2.70E-09,Specific_Heat,8.96E+08,Thermal_Conductivity,167,Radius,25
1803,T_int,44.1,T_ext_1,60.69,T_ext_2,59.96,Film_Coefficient,0.036,Density,2.70E-09,Specific_Heat,8.96E+08,Thermal_Conductivity,167,Radius,25
1813,T_int,44.1,T_ext_1,61.25,T_ext_2,59.96,Film_Coefficient,0.036,Density,2.70E-09,Specific_Heat,8.96E+08,Thermal_Conductivity,167,Radius,25
1823,T_int,44.1,T_ext_1,61.06,T_ext_2,59.78,Film_Coefficient,0.036,Density,2.70E-09,Specific_Heat,8.96E+08,Thermal_Conductivity,167,Radius,25
1833,T_int,44.26,T_ext_1,61.06,T_ext_2,60.32,Film_Coefficient,0.036,Density,2.70E-09,Specific_Heat,8.96E+08,Thermal_Conductivity,167,Radius,25
1843,T_int,43.93,T_ext_1,61.25,T_ext_2,60.14,Film_Coefficient,0.036,Density,2.70E-09,Specific_Heat,8.96E+08,Thermal_Conductivity,167,Radius,25
1853,T_int,44.1,T_ext_1,61.43,T_ext_2,59.59,Film_Coefficient,0.036,Density,2.70E-09,Specific_Heat,8.96E+08,Thermal_Conductivity,167,Radius,25
1863,T_int,44.26,T_ext_1,61.8,T_ext_2,60.14,Film_Coefficient,0.036,Density,2.70E-09,Specific_Heat,8.96E+08,Thermal_Conductivity,167,Radius,25
1873,T_int,44.6,T_ext_1,61.62,T_ext_2,60.51,Film_Coefficient,0.036,Density,2.70E-09,Specific_Heat,8.96E+08,Thermal_Conductivity,167,Radius,25
1883,T_int,44.76,T_ext_1,61.62,T_ext_2,60.32,Film_Coefficient,0.036,Density,2.70E-09,Specific_Heat,8.96E+08,Thermal_Conductivity,167,Radius,25
1893,T_int,44.6,T_ext_1,61.06,T_ext_2,59.78,Film_Coefficient,0.036,Density,2.70E-09,Specific_Heat,8.96E+08,Thermal_Conductivity,167,Radius,25
1903,T_int,44.43,T_ext_1,61.25,T_ext_2,59.78,Film_Coefficient,0.036,Density,2.70E-09,Specific_Heat,8.96E+08,Thermal_Conductivity,167,Radius,25
1913,T_int,44.43,T_ext_1,61.06,T_ext_2,59.96,Film_Coefficient,0.036,Density,2.70E-09,Specific_Heat,8.96E+08,Thermal_Conductivity,167,Radius,25
1923,T_int,44.93,T_ext_1,61.25,T_ext_2,60.14,Film_Coefficient,0.036,Density,2.70E-09,Specific_Heat,8.96E+08,Thermal_Conductivity,167,Radius,25
1933,T_int,45.1,T_ext_1,61.43,T_ext_2,59.96,Film_Coefficient,0.036,Density,2.70E-09,Specific_Heat,8.96E+08,Thermal_Conductivity,167,Radius,25
1943,T_int,45.1,T_ext_1,61.62,T_ext_2,60.14,Film_Coefficient,0.036,Density,2.70E-09,Specific_Heat,8.96E+08,Thermal_Conductivity,167,Radius,25
1953,T_int,44.93,T_ext_1,61.62,T_ext_2,60.14,Film_Coefficient,0.036,Density,2.70E-09,Specific_Heat,8.96E+08,Thermal_Conductivity,167,Radius,25
1963,T_int,45.27,T_ext_1,61.25,T_ext_2,59.96,Film_Coefficient,0.036,Density,2.70E-09,Specific_Heat,8.96E+08,Thermal_Conductivity,167,Radius,25
1973,T_int,45.44,T_ext_1,61.62,T_ext_2,60.14,Film_Coefficient,0.036,Density,2.70E-09,Specific_Heat,8.96E+08,Thermal_Conductivity,167,Radius,25
1983,T_int,45.27,T_ext_1,61.25,T_ext_2,59.96,Film_Coefficient,0.036,Density,2.70E-09,Specific_Heat,8.96E+08,Thermal_Conductivity,167,Radius,25
1993,T_int,45.6,T_ext_1,61.43,T_ext_2,60.32,Film_Coefficient,0.036,Density,2.70E-09,Specific_Heat,8.96E+08,Thermal_Conductivity,167,Radius,25
2003,T_int,45.6,T_ext_1,61.25,T_ext_2,59.78,Film_Coefficient,0.036,Density,2.70E-09,Specific_Heat,8.96E+08,Thermal_Conductivity,167,Radius,25
2013,T_int,45.6,T_ext_1,61.43,T_ext_2,60.14,Film_Coefficient,0.036,Density,2.70E-09,Specific_Heat,8.96E+08,Thermal_Conductivity,167,Radius,25
2023,T_int,45.6,T_ext_1,61.06,T_ext_2,60.14,Film_Coefficient,0.036,Density,2.70E-09,Specific_Heat,8.96E+08,Thermal_Conductivity,167,Radius,25
2033,T_int,45.27,T_ext_1,61.06,T_ext_2,59.78,Film_Coefficient,0.036,Density,2.70E-09,Specific_Heat,8.96E+08,Thermal_Conductivity,167,Radius,25
2043,T_int,45.6,T_ext_1,61.25,T_ext_2,59.96,Film_Coefficient,0.036,Density,2.70E-09,Specific_Heat,8.96E+08,Thermal_Conductivity,167,Radius,25
2053,T_int,45.44,T_ext_1,61.43,T_ext_2,59.96,Film_Coefficient,0.036,Density,2.70E-09,Specific_Heat,8.96E+08,Thermal_Conductivity,167,Radius,25
2063,T_int,45.44,T_ext_1,61.25,T_ext_2,59.78,Film_Coefficient,0.036,Density,2.70E-09,Specific_Heat,8.96E+08,Thermal_Conductivity,167,Radius,25
2073,T_int,45.77,T_ext_1,61.06,T_ext_2,59.78,Film_Coefficient,0.036,Density,2.70E-09,Specific_Heat,8.96E+08,Thermal_Conductivity,167,Radius,25
2083,T_int,45.77,T_ext_1,61.06,T_ext_2,59.78,Film_Coefficient,0.036,Density,2.70E-09,Specific_Heat,8.96E+08,Thermal_Conductivity,167,Radius,25
2093,T_int,45.94,T_ext_1,61.43,T_ext_2,60.14,Film_Coefficient,0.036,Density,2.70E-09,Specific_Heat,8.96E+08,Thermal_Conductivity,167,Radius,25
2103,T_int,45.77,T_ext_1,61.25,T_ext_2,60.14,Film_Coefficient,0.036,Density,2.70E-09,Specific_Heat,8.96E+08,Thermal_Conductivity,167,Radius,25
2113,T_int,45.94,T_ext_1,60.88,T_ext_2,59.78,Film_Coefficient,0.036,Density,2.70E-09,Specific_Heat,8.96E+08,Thermal_Conductivity,167,Radius,25
2123,T_int,45.94,T_ext_1,60.51,T_ext_2,59.78,Film_Coefficient,0.036,Density,2.70E-09,Specific_Heat,8.96E+08,Thermal_Conductivity,167,Radius,25
2133,T_int,46.11,T_ext_1,61.06,T_ext_2,59.78,Film_Coefficient,0.036,Density,2.70E-09,Specific_Heat,8.96E+08,Thermal_Conductivity,167,Radius,25
2143,T_int,45.77,T_ext_1,61.06,T_ext_2,59.96,Film_Coefficient,0.036,Density,2.70E-09,Specific_Heat,8.96E+08,Thermal_Conductivity,167,Radius,25
2153,T_int,46.28,T_ext_1,61.25,T_ext_2,59.96,Film_Coefficient,0.036,Density,2.70E-09,Specific_Heat,8.96E+08,Thermal_Conductivity,167,Radius,25
2163,T_int,46.45,T_ext_1,60.88,T_ext_2,60.14,Film_Coefficient,0.036,Density,2.70E-09,Specific_Heat,8.96E+08,Thermal_Conductivity,167,Radius,25
2174,T_int,46.45,T_ext_1,60.69,T_ext_2,59.96,Film_Coefficient,0.036,Density,2.70E-09,Specific_Heat,8.96E+08,Thermal_Conductivity,167,Radius,25
2184,T_int,46.28,T_ext_1,60.51,T_ext_2,59.78,Film_Coefficient,0.036,Density,2.70E-09,Specific_Heat,8.96E+08,Thermal_Conductivity,167,Radius,25
2194,T_int,46.45,T_ext_1,60.88,T_ext_2,59.78,Film_Coefficient,0.036,Density,2.70E-09,Specific_Heat,8.96E+08,Thermal_Conductivity,167,Radius,25
2204,T_int,46.45,T_ext_1,60.69,T_ext_2,59.78,Film_Coefficient,0.036,Density,2.70E-09,Specific_Heat,8.96E+08,Thermal_Conductivity,167,Radius,25
2214,T_int,46.28,T_ext_1,60.88,T_ext_2,59.96,Film_Coefficient,0.036,Density,2.70E-09,Specific_Heat,8.96E+08,Thermal_Conductivity,167,Radius,25
2224,T_int,46.45,T_ext_1,61.06,T_ext_2,60.14,Film_Coefficient,0.036,Density,2.70E-09,Specific_Heat,8.96E+08,Thermal_Conductivity,167,Radius,25
2234,T_int,46.28,T_ext_1,61.43,T_ext_2,60.14,Film_Coefficient,0.036,Density,2.70E-09,Specific_Heat,8.96E+08,Thermal_Conductivity,167,Radius,25
2244,T_int,46.62,T_ext_1,61.43,T_ext_2,60.14,Film_Coefficient,0.036,Density,2.70E-09,Specific_Heat,8.96E+08,Thermal_Conductivity,167,Radius,25
2254,T_int,46.79,T_ext_1,61.43,T_ext_2,60.14,Film_Coefficient,0.036,Density,2.70E-09,Specific_Heat,8.96E+08,Thermal_Conductivity,167,Radius,25
2264,T_int,46.79,T_ext_1,61.25,T_ext_2,59.96,Film_Coefficient,0.036,Density,2.70E-09,Specific_Heat,8.96E+08,Thermal_Conductivity,167,Radius,25
2274,T_int,47.13,T_ext_1,61.25,T_ext_2,59.78,Film_Coefficient,0.036,Density,2.70E-09,Specific_Heat,8.96E+08,Thermal_Conductivity,167,Radius,25
2284,T_int,47.13,T_ext_1,61.43,T_ext_2,59.96,Film_Coefficient,0.036,Density,2.70E-09,Specific_Heat,8.96E+08,Thermal_Conductivity,167,Radius,25
2294,T_int,47.13,T_ext_1,61.06,T_ext_2,59.96,Film_Coefficient,0.036,Density,2.70E-09,Specific_Heat,8.96E+08,Thermal_Conductivity,167,Radius,25
2304,T_int,47.13,T_ext_1,61.25,T_ext_2,60.32,Film_Coefficient,0.036,Density,2.70E-09,Specific_Heat,8.96E+08,Thermal_Conductivity,167,Radius,25
2314,T_int,47.13,T_ext_1,61.43,T_ext_2,60.14,Film_Coefficient,0.036,Density,2.70E-09,Specific_Heat,8.96E+08,Thermal_Conductivity,167,Radius,25
2324,T_int,47.13,T_ext_1,61.43,T_ext_2,60.69,Film_Coefficient,0.036,Density,2.70E-09,Specific_Heat,8.96E+08,Thermal_Conductivity,167,Radius,25
2334,T_int,47.13,T_ext_1,61.25,T_ext_2,60.51,Film_Coefficient,0.036,Density,2.70E-09,Specific_Heat,8.96E+08,Thermal_Conductivity,167,Radius,25
2344,T_int,47.3,T_ext_1,61.25,T_ext_2,60.69,Film_Coefficient,0.036,Density,2.70E-09,Specific_Heat,8.96E+08,Thermal_Conductivity,167,Radius,25
2354,T_int,47.13,T_ext_1,60.88,T_ext_2,60.51,Film_Coefficient,0.036,Density,2.70E-09,Specific_Heat,8.96E+08,Thermal_Conductivity,167,Radius,25
2364,T_int,47.3,T_ext_1,60.51,T_ext_2,60.32,Film_Coefficient,0.036,Density,2.70E-09,Specific_Heat,8.96E+08,Thermal_Conductivity,167,Radius,25
2374,T_int,47.48,T_ext_1,60.32,T_ext_2,60.14,Film_Coefficient,0.036,Density,2.70E-09,Specific_Heat,8.96E+08,Thermal_Conductivity,167,Radius,25
2384,T_int,47.48,T_ext_1,60.69,T_ext_2,60.14,Film_Coefficient,0.036,Density,2.70E-09,Specific_Heat,8.96E+08,Thermal_Conductivity,167,Radius,25
2394,T_int,47.48,T_ext_1,60.32,T_ext_2,60.14,Film_Coefficient,0.036,Density,2.70E-09,Specific_Heat,8.96E+08,Thermal_Conductivity,167,Radius,25
2404,T_int,47.3,T_ext_1,60.32,T_ext_2,59.96,Film_Coefficient,0.036,Density,2.70E-09,Specific_Heat,8.96E+08,Thermal_Conductivity,167,Radius,25
2414,T_int,47.3,T_ext_1,60.51,T_ext_2,59.78,Film_Coefficient,0.036,Density,2.70E-09,Specific_Heat,8.96E+08,Thermal_Conductivity,167,Radius,25
2424,T_int,47.48,T_ext_1,60.32,T_ext_2,59.96,Film_Coefficient,0.036,Density,2.70E-09,Specific_Heat,8.96E+08,Thermal_Conductivity,167,Radius,25
2434,T_int,47.48,T_ext_1,60.14,T_ext_2,59.78,Film_Coefficient,0.036,Density,2.70E-09,Specific_Heat,8.96E+08,Thermal_Conductivity,167,Radius,25
2444,T_int,47.65,T_ext_1,60.32,T_ext_2,60.32,Film_Coefficient,0.036,Density,2.70E-09,Specific_Heat,8.96E+08,Thermal_Conductivity,167,Radius,25
2454,T_int,47.82,T_ext_1,60.51,T_ext_2,60.14,Film_Coefficient,0.036,Density,2.70E-09,Specific_Heat,8.96E+08,Thermal_Conductivity,167,Radius,25
2464,T_int,47.65,T_ext_1,60.14,T_ext_2,59.96,Film_Coefficient,0.036,Density,2.70E-09,Specific_Heat,8.96E+08,Thermal_Conductivity,167,Radius,25
2474,T_int,47.65,T_ext_1,60.69,T_ext_2,59.96,Film_Coefficient,0.036,Density,2.70E-09,Specific_Heat,8.96E+08,Thermal_Conductivity,167,Radius,25
2484,T_int,47.82,T_ext_1,60.69,T_ext_2,60.14,Film_Coefficient,0.036,Density,2.70E-09,Specific_Heat,8.96E+08,Thermal_Conductivity,167,Radius,25
2494,T_int,47.82,T_ext_1,60.69,T_ext_2,60.14,Film_Coefficient,0.036,Density,2.70E-09,Specific_Heat,8.96E+08,Thermal_Conductivity,167,Radius,25
2504,T_int,47.99,T_ext_1,60.88,T_ext_2,60.51,Film_Coefficient,0.036,Density,2.70E-09,Specific_Heat,8.96E+08,Thermal_Conductivity,167,Radius,25
2514,T_int,48.34,T_ext_1,60.69,T_ext_2,60.51,Film_Coefficient,0.036,Density,2.70E-09,Specific_Heat,8.96E+08,Thermal_Conductivity,167,Radius,25
2524,T_int,48.16,T_ext_1,60.69,T_ext_2,60.32,Film_Coefficient,0.036,Density,2.70E-09,Specific_Heat,8.96E+08,Thermal_Conductivity,167,Radius,25
2534,T_int,48.16,T_ext_1,60.69,T_ext_2,60.69,Film_Coefficient,0.036,Density,2.70E-09,Specific_Heat,8.96E+08,Thermal_Conductivity,167,Radius,25
2544,T_int,48.16,T_ext_1,60.69,T_ext_2,60.14,Film_Coefficient,0.036,Density,2.70E-09,Specific_Heat,8.96E+08,Thermal_Conductivity,167,Radius,25
2554,T_int,48.34,T_ext_1,60.51,T_ext_2,60.14,Film_Coefficient,0.036,Density,2.70E-09,Specific_Heat,8.96E+08,Thermal_Conductivity,167,Radius,25
2564,T_int,48.16,T_ext_1,59.78,T_ext_2,59.78,Film_Coefficient,0.036,Density,2.70E-09,Specific_Heat,8.96E+08,Thermal_Conductivity,167,Radius,25
2574,T_int,47.82,T_ext_1,60.88,T_ext_2,60.32,Film_Coefficient,0.036,Density,2.70E-09,Specific_Heat,8.96E+08,Thermal_Conductivity,167,Radius,25
2584,T_int,48.16,T_ext_1,60.51,T_ext_2,60.88,Film_Coefficient,0.036,Density,2.70E-09,Specific_Heat,8.96E+08,Thermal_Conductivity,167,Radius,25
2594,T_int,48.51,T_ext_1,60.32,T_ext_2,60.32,Film_Coefficient,0.036,Density,2.70E-09,Specific_Heat,8.96E+08,Thermal_Conductivity,167,Radius,25
2604,T_int,48.51,T_ext_1,60.51,T_ext_2,60.32,Film_Coefficient,0.036,Density,2.70E-09,Specific_Heat,8.96E+08,Thermal_Conductivity,167,Radius,25
2614,T_int,48.34,T_ext_1,60.32,T_ext_2,59.96,Film_Coefficient,0.036,Density,2.70E-09,Specific_Heat,8.96E+08,Thermal_Conductivity,167,Radius,25
2624,T_int,48.34,T_ext_1,60.32,T_ext_2,59.59,Film_Coefficient,0.036,Density,2.70E-09,Specific_Heat,8.96E+08,Thermal_Conductivity,167,Radius,25
2634,T_int,48.34,T_ext_1,60.14,T_ext_2,59.96,Film_Coefficient,0.036,Density,2.70E-09,Specific_Heat,8.96E+08,Thermal_Conductivity,167,Radius,25
2644,T_int,48.34,T_ext_1,59.96,T_ext_2,59.96,Film_Coefficient,0.036,Density,2.70E-09,Specific_Heat,8.96E+08,Thermal_Conductivity,167,Radius,25
2654,T_int,48.69,T_ext_1,59.59,T_ext_2,59.96,Film_Coefficient,0.036,Density,2.70E-09,Specific_Heat,8.96E+08,Thermal_Conductivity,167,Radius,25
2664,T_int,48.34,T_ext_1,59.96,T_ext_2,59.59,Film_Coefficient,0.036,Density,2.70E-09,Specific_Heat,8.96E+08,Thermal_Conductivity,167,Radius,25
2674,T_int,48.51,T_ext_1,60.14,T_ext_2,59.78,Film_Coefficient,0.036,Density,2.70E-09,Specific_Heat,8.96E+08,Thermal_Conductivity,167,Radius,25
2684,T_int,48.69,T_ext_1,60.14,T_ext_2,59.59,Film_Coefficient,0.036,Density,2.70E-09,Specific_Heat,8.96E+08,Thermal_Conductivity,167,Radius,25
2694,T_int,49.03,T_ext_1,60.32,T_ext_2,60.14,Film_Coefficient,0.036,Density,2.70E-09,Specific_Heat,8.96E+08,Thermal_Conductivity,167,Radius,25
2704,T_int,48.86,T_ext_1,60.51,T_ext_2,59.96,Film_Coefficient,0.036,Density,2.70E-09,Specific_Heat,8.96E+08,Thermal_Conductivity,167,Radius,25
2714,T_int,48.69,T_ext_1,59.96,T_ext_2,59.78,Film_Coefficient,0.036,Density,2.70E-09,Specific_Heat,8.96E+08,Thermal_Conductivity,167,Radius,25
2724,T_int,48.69,T_ext_1,59.78,T_ext_2,59.59,Film_Coefficient,0.036,Density,2.70E-09,Specific_Heat,8.96E+08,Thermal_Conductivity,167,Radius,25
2734,T_int,48.86,T_ext_1,59.96,T_ext_2,59.41,Film_Coefficient,0.036,Density,2.70E-09,Specific_Heat,8.96E+08,Thermal_Conductivity,167,Radius,25
2744,T_int,48.69,T_ext_1,59.23,T_ext_2,59.23,Film_Coefficient,0.036,Density,2.70E-09,Specific_Heat,8.96E+08,Thermal_Conductivity,167,Radius,25
2754,T_int,48.86,T_ext_1,60.14,T_ext_2,59.96,Film_Coefficient,0.036,Density,2.70E-09,Specific_Heat,8.96E+08,Thermal_Conductivity,167,Radius,25
2765,T_int,49.21,T_ext_1,60.88,T_ext_2,60.32,Film_Coefficient,0.036,Density,2.70E-09,Specific_Heat,8.96E+08,Thermal_Conductivity,167,Radius,25
2775,T_int,49.03,T_ext_1,60.51,T_ext_2,60.14,Film_Coefficient,0.036,Density,2.70E-09,Specific_Heat,8.96E+08,Thermal_Conductivity,167,Radius,25
2785,T_int,49.03,T_ext_1,60.32,T_ext_2,59.96,Film_Coefficient,0.036,Density,2.70E-09,Specific_Heat,8.96E+08,Thermal_Conductivity,167,Radius,25
2795,T_int,49.03,T_ext_1,60.32,T_ext_2,59.96,Film_Coefficient,0.036,Density,2.70E-09,Specific_Heat,8.96E+08,Thermal_Conductivity,167,Radius,25
2805,T_int,49.21,T_ext_1,60.32,T_ext_2,59.59,Film_Coefficient,0.036,Density,2.70E-09,Specific_Heat,8.96E+08,Thermal_Conductivity,167,Radius,25
2815,T_int,49.21,T_ext_1,60.69,T_ext_2,60.14,Film_Coefficient,0.036,Density,2.70E-09,Specific_Heat,8.96E+08,Thermal_Conductivity,167,Radius,25
2825,T_int,49.21,T_ext_1,60.51,T_ext_2,59.96,Film_Coefficient,0.036,Density,2.70E-09,Specific_Heat,8.96E+08,Thermal_Conductivity,167,Radius,25
2835,T_int,49.56,T_ext_1,60.51,T_ext_2,59.96,Film_Coefficient,0.036,Density,2.70E-09,Specific_Heat,8.96E+08,Thermal_Conductivity,167,Radius,25
2845,T_int,49.03,T_ext_1,59.96,T_ext_2,59.78,Film_Coefficient,0.036,Density,2.70E-09,Specific_Heat,8.96E+08,Thermal_Conductivity,167,Radius,25
2855,T_int,49.21,T_ext_1,59.96,T_ext_2,59.05,Film_Coefficient,0.036,Density,2.70E-09,Specific_Heat,8.96E+08,Thermal_Conductivity,167,Radius,25
2865,T_int,49.56,T_ext_1,60.14,T_ext_2,59.78,Film_Coefficient,0.036,Density,2.70E-09,Specific_Heat,8.96E+08,Thermal_Conductivity,167,Radius,25
2875,T_int,49.38,T_ext_1,60.51,T_ext_2,59.96,Film_Coefficient,0.036,Density,2.70E-09,Specific_Heat,8.96E+08,Thermal_Conductivity,167,Radius,25
2885,T_int,49.38,T_ext_1,60.51,T_ext_2,59.59,Film_Coefficient,0.036,Density,2.70E-09,Specific_Heat,8.96E+08,Thermal_Conductivity,167,Radius,25
2895,T_int,49.56,T_ext_1,60.69,T_ext_2,59.78,Film_Coefficient,0.036,Density,2.70E-09,Specific_Heat,8.96E+08,Thermal_Conductivity,167,Radius,25
2905,T_int,49.38,T_ext_1,60.51,T_ext_2,59.78,Film_Coefficient,0.036,Density,2.70E-09,Specific_Heat,8.96E+08,Thermal_Conductivity,167,Radius,25
2915,T_int,49.38,T_ext_1,60.32,T_ext_2,60.14,Film_Coefficient,0.036,Density,2.70E-09,Specific_Heat,8.96E+08,Thermal_Conductivity,167,Radius,25
2925,T_int,49.56,T_ext_1,60.88,T_ext_2,60.32,Film_Coefficient,0.036,Density,2.70E-09,Specific_Heat,8.96E+08,Thermal_Conductivity,167,Radius,25
2935,T_int,49.91,T_ext_1,61.43,T_ext_2,60.51,Film_Coefficient,0.036,Density,2.70E-09,Specific_Heat,8.96E+08,Thermal_Conductivity,167,Radius,25
2945,T_int,49.56,T_ext_1,61.62,T_ext_2,60.88,Film_Coefficient,0.036,Density,2.70E-09,Specific_Heat,8.96E+08,Thermal_Conductivity,167,Radius,25
2955,T_int,49.73,T_ext_1,61.62,T_ext_2,60.88,Film_Coefficient,0.036,Density,2.70E-09,Specific_Heat,8.96E+08,Thermal_Conductivity,167,Radius,25
2965,T_int,49.91,T_ext_1,61.25,T_ext_2,60.51,Film_Coefficient,0.036,Density,2.70E-09,Specific_Heat,8.96E+08,Thermal_Conductivity,167,Radius,25
2975,T_int,49.73,T_ext_1,60.51,T_ext_2,60.14,Film_Coefficient,0.036,Density,2.70E-09,Specific_Heat,8.96E+08,Thermal_Conductivity,167,Radius,25
2985,T_int,49.91,T_ext_1,60.69,T_ext_2,59.96,Film_Coefficient,0.036,Density,2.70E-09,Specific_Heat,8.96E+08,Thermal_Conductivity,167,Radius,25
2995,T_int,49.91,T_ext_1,60.32,T_ext_2,59.96,Film_Coefficient,0.036,Density,2.70E-09,Specific_Heat,8.96E+08,Thermal_Conductivity,167,Radius,25
3005,T_int,49.91,T_ext_1,60.51,T_ext_2,59.96,Film_Coefficient,0.036,Density,2.70E-09,Specific_Heat,8.96E+08,Thermal_Conductivity,167,Radius,25
3015,T_int,49.56,T_ext_1,60.14,T_ext_2,59.96,Film_Coefficient,0.036,Density,2.70E-09,Specific_Heat,8.96E+08,Thermal_Conductivity,167,Radius,25
3025,T_int,49.73,T_ext_1,60.32,T_ext_2,60.14,Film_Coefficient,0.036,Density,2.70E-09,Specific_Heat,8.96E+08,Thermal_Conductivity,167,Radius,25
3035,T_int,50.09,T_ext_1,60.88,T_ext_2,60.32,Film_Coefficient,0.036,Density,2.70E-09,Specific_Heat,8.96E+08,Thermal_Conductivity,167,Radius,25
3045,T_int,49.91,T_ext_1,60.69,T_ext_2,60.14,Film_Coefficient,0.036,Density,2.70E-09,Specific_Heat,8.96E+08,Thermal_Conductivity,167,Radius,25
3055,T_int,50.09,T_ext_1,60.88,T_ext_2,60.14,Film_Coefficient,0.036,Density,2.70E-09,Specific_Heat,8.96E+08,Thermal_Conductivity,167,Radius,25
3065,T_int,49.91,T_ext_1,60.51,T_ext_2,59.96,Film_Coefficient,0.036,Density,2.70E-09,Specific_Heat,8.96E+08,Thermal_Conductivity,167,Radius,25
3075,T_int,50.09,T_ext_1,60.32,T_ext_2,59.96,Film_Coefficient,0.036,Density,2.70E-09,Specific_Heat,8.96E+08,Thermal_Conductivity,167,Radius,25
3085,T_int,50.09,T_ext_1,60.51,T_ext_2,59.96,Film_Coefficient,0.036,Density,2.70E-09,Specific_Heat,8.96E+08,Thermal_Conductivity,167,Radius,25
3095,T_int,50.09,T_ext_1,60.14,T_ext_2,59.96,Film_Coefficient,0.036,Density,2.70E-09,Specific_Heat,8.96E+08,Thermal_Conductivity,167,Radius,25
3105,T_int,50.26,T_ext_1,59.96,T_ext_2,59.96,Film_Coefficient,0.036,Density,2.70E-09,Specific_Heat,8.96E+08,Thermal_Conductivity,167,Radius,25
3115,T_int,50.26,T_ext_1,60.32,T_ext_2,59.96,Film_Coefficient,0.036,Density,2.70E-09,Specific_Heat,8.96E+08,Thermal_Conductivity,167,Radius,25
3125,T_int,50.09,T_ext_1,60.32,T_ext_2,59.96,Film_Coefficient,0.036,Density,2.70E-09,Specific_Heat,8.96E+08,Thermal_Conductivity,167,Radius,25
3135,T_int,50.26,T_ext_1,60.32,T_ext_2,59.41,Film_Coefficient,0.036,Density,2.70E-09,Specific_Heat,8.96E+08,Thermal_Conductivity,167,Radius,25
3145,T_int,50.44,T_ext_1,60.69,T_ext_2,59.59,Film_Coefficient,0.036,Density,2.70E-09,Specific_Heat,8.96E+08,Thermal_Conductivity,167,Radius,25
3155,T_int,50.09,T_ext_1,60.32,T_ext_2,59.59,Film_Coefficient,0.036,Density,2.70E-09,Specific_Heat,8.96E+08,Thermal_Conductivity,167,Radius,25
3165,T_int,50.62,T_ext_1,60.69,T_ext_2,60.14,Film_Coefficient,0.036,Density,2.70E-09,Specific_Heat,8.96E+08,Thermal_Conductivity,167,Radius,25
3175,T_int,50.62,T_ext_1,60.32,T_ext_2,59.96,Film_Coefficient,0.036,Density,2.70E-09,Specific_Heat,8.96E+08,Thermal_Conductivity,167,Radius,25
3185,T_int,50.44,T_ext_1,60.32,T_ext_2,59.96,Film_Coefficient,0.036,Density,2.70E-09,Specific_Heat,8.96E+08,Thermal_Conductivity,167,Radius,25
3195,T_int,50.44,T_ext_1,60.32,T_ext_2,59.59,Film_Coefficient,0.036,Density,2.70E-09,Specific_Heat,8.96E+08,Thermal_Conductivity,167,Radius,25
3205,T_int,50.62,T_ext_1,60.69,T_ext_2,59.78,Film_Coefficient,0.036,Density,2.70E-09,Specific_Heat,8.96E+08,Thermal_Conductivity,167,Radius,25
3215,T_int,50.62,T_ext_1,61.06,T_ext_2,60.32,Film_Coefficient,0.036,Density,2.70E-09,Specific_Heat,8.96E+08,Thermal_Conductivity,167,Radius,25
3225,T_int,50.62,T_ext_1,61.06,T_ext_2,60.14,Film_Coefficient,0.036,Density,2.70E-09,Specific_Heat,8.96E+08,Thermal_Conductivity,167,Radius,25
